project_name,token_symbol,circulating_supply,unlock_amount,unlock_percent,unlock_date
Dynachain,DYNA,41050000,10800000,2.16,2026-02-28 03:25:00 UTC
Ika,IKA,3.00E+09,2.19E+08,2.14,2026-02-28 09:25:00 UTC
Delabs Games,DELABS,7.50E+08,72660000,2.42,2026-02-28 09:25:00 UTC
io.net,IO,2.85E+08,13020000,1.63,2026-02-28 11:25:00 UTC
Hemi,HEMI,9.78E+08,1.81E+08,1.21,2026-02-28 11:25:00 UTC
Mitosis,MITO,1.81E+08,1.05E+08,10.53,2026-02-28 11:25:00 UTC
Haedal Protocol,HAEDAL,3.24E+08,21250000,2.13,2026-02-28 11:25:00 UTC
GaiAI,GAIX,1.64E+08,17240000,1.72,2026-02-28 15:25:00 UTC
MattleFun,MATTLE,17490000,5.21E+11,1.04,2026-02-28 23:25:00 UTC
Shockwaves,NEUROS,61270000,1290000,1.29,2026-02-28 23:25:00 UTC
Nobel for Trump,N4T,81000000,25710000,2.22,2026-02-28 23:25:00 UTC
Hooked Protocol,HOOK,2.84E+08,8330000,1.67,2026-02-28 23:25:00 UTC
Qubetics,TICS,3.30E+08,65090000,4.78,2026-02-28 23:25:00 UTC
AC Milan Fan Token,ACM,12890000,205260,1.03,2026-02-28 23:25:00 UTC
DeBox,BOX,4.75E+08,19680000,1.97,2026-02-28 23:25:00 UTC
GAIA,GAIA,1.70E+08,13330000,1.33,2026-02-28 23:25:00 UTC
PlaysOut,PLAY,8.00E+08,68370000,1.37,2026-02-28 23:25:00 UTC
Origin Protocol,OGN,6.61E+08,15800000,1.12,2026-02-28 23:25:00 UTC
Juventus Fan Token,JUV,14820000,208334,1.04,2026-02-28 23:25:00 UTC
FC Barcelona Fan Token,BAR,22370000,4.15E+14,1.04,2026-02-28 23:25:00 UTC
Paris Saint-Germain Fan Token,PSG,14460000,208334,1.04,2026-02-28 23:25:00 UTC
Atletico De Madrid Fan Token,ATM,7990000,135556,1.36,2026-02-28 23:25:00 UTC
AS Roma Fan Token,ASR,8220000,138889,1.39,2026-02-28 23:25:00 UTC
LETSTOP,STOP,70200000,1290000,1.29,2026-02-28 23:25:00 UTC
Walrus,WAL,1.60E+09,6.33E+08,12.65,2026-02-28 23:25:00 UTC
Forest Protocol,FOREST,1.15E+08,17180000,1.72,2026-02-28 23:25:00 UTC
Alaya Governance Token,AGT,1.87E+09,1.10E+08,2.2,2026-02-28 23:25:00 UTC
Moonchain,MCH,2.49E+08,31200000,3.12,2026-02-28 23:25:00 UTC
Wayfinder,PROMPT,4.06E+08,11040000,1.1,2026-02-28 23:25:00 UTC
Elderglade,ELDE,2.00E+08,11810000,2.95,2026-02-28 23:25:00 UTC
Boop,BOOP,3.13E+08,10550000,1.05,2026-02-28 23:25:00 UTC
Axioma Token,AXT,6.55E+08,18330000,1.83,2026-02-28 23:25:00 UTC
Earn Network,EARN,8.88E+09,2.22E+08,2.22,2026-02-28 23:25:00 UTC
Audiera,BEAT,2.03E+08,21250000,2.12,2026-03-01 07:25:00 UTC
Big Back Bitcoin,BBBTC,1.13E+10,4.04E+08,1.92,2026-03-01 23:25:00 UTC
ReadFi,$RDF,42000000,1590000,1.59,2026-03-01 23:25:00 UTC
Orbler,ORBR,1.01E+09,31010000,1.55,2026-03-01 23:25:00 UTC
Quack AI,Q,3.51E+09,1.03E+08,1.03,2026-03-01 23:25:00 UTC
Sensay,SNSY,5.20E+09,1.04E+08,1.04,2026-03-01 23:25:00 UTC
Versus-X,VSX,1240000,1580000,1.58,2026-03-01 23:25:00 UTC
Bitway,BTW,2.20E+09,2.20E+09,22,2026-03-02 07:25:00 UTC
Web3 TON Token,WEB3,631940,1220000,1.35,2026-03-02 17:25:00 UTC
Tea-Fi,TEA,50010000,11020000,3.67,2026-03-02 23:25:00 UTC
Arcana Network,XAR,4.21E+08,18760000,1.88,2026-03-02 23:25:00 UTC
THORWallet,TITN,42500000,3.02E+08,30.2,2026-03-02 23:25:00 UTC
Etarn,ETAN,84170000,11510000,1.15,2026-03-02 23:25:00 UTC
Hyperbot,BOT,3.67E+08,88970000,8.9,2026-03-03 09:25:00 UTC
VaporFund,VPR,80150000,12860000,1.29,2026-03-03 23:25:00 UTC
Sleepless AI,AI,4.88E+08,17060000,1.71,2026-03-03 23:25:00 UTC
Trailblaze,XBLAZE,4.20E+08,5330000,1.27,2026-03-03 23:25:00 UTC
Stella Fantasy,SFTY,59000000,15710000,1.57,2026-03-03 23:25:00 UTC
SatoshiSync,SSNC,53500000,27290000,2.73,2026-03-03 23:25:00 UTC
Roseon,ROSX,1.07E+08,2110000,1.17,2026-03-03 23:25:00 UTC
ASTERION,ASTER,97000000,18440000,1.84,2026-03-03 23:25:00 UTC
Lagrange,LA,1.93E+08,12700000,1.27,2026-03-03 23:25:00 UTC
Zeus Network,ZEUS,8.72E+08,31880000,3.19,2026-03-03 23:25:00 UTC
Sipher,SIPHER,89740000,15070000,1.51,2026-03-04 15:41:00 UTC
Gata,GATA,1.10E+08,29750000,2.98,2026-03-04 19:25:00 UTC
Cyber Arena,CAT,8.18E+08,55000000,1.1,2026-03-04 23:25:00 UTC
5ire,5IRE,1.46E+09,30170000,2.01,2026-03-04 23:25:00 UTC
Cashtree Token,CTT,2.00E+08,1.25E+08,2.51,2026-03-04 23:25:00 UTC
Gravity (by Galxe),G,1.05E+10,1.22E+08,1.01,2026-03-04 23:25:00 UTC
WorldShards,SHARDS,8.17E+08,5.84E+08,11.68,2026-03-04 23:25:00 UTC
Superp,SUP,2.15E+08,17250000,1.73,2026-03-04 23:25:00 UTC
CUDIS,CUDIS,2.48E+08,12190000,1.22,2026-03-05 07:25:00 UTC
Infinity Ground,AIN,2.92E+08,16570000,1.66,2026-03-05 08:25:00 UTC
idOS,IDOS,2.72E+08,1.90E+08,18.99,2026-03-05 13:25:00 UTC
Power Protocol,POWER,2.10E+08,12010000,1.2,2026-03-05 15:25:00 UTC
ROA CORE,ROA,7.03E+08,16960000,1.7,2026-03-05 17:16:00 UTC
Berachain,BERA,2.15E+08,13280000,2.49,2026-03-05 23:25:00 UTC
Brevis,BREV,2.50E+08,18200000,1.82,2026-03-05 23:25:00 UTC
Animalia,ANIM,56440000,1270000,1.17,2026-03-05 23:25:00 UTC
Ultiverse,ULTI,7.61E+09,1.67E+08,1.67,2026-03-05 23:25:00 UTC
EGO,EGO,2.01E+08,5300000,1.59,2026-03-05 23:25:00 UTC
Bulla,BULLA,1.00E+09,18800000,1.88,2026-03-05 23:25:00 UTC
Inspect,INSP,7.98E+08,15490000,1.55,2026-03-05 23:25:00 UTC
MYX Finance,MYX,2.51E+08,30370000,3.04,2026-03-06 07:25:00 UTC
SynFutures,F,3.49E+09,2.00E+08,2,2026-03-06 11:25:00 UTC
Belong,LONG,70960000,34110000,4.55,2026-03-06 11:25:00 UTC
SeaFi,SPT,78640000,1410000,1.41,2026-03-06 23:25:00 UTC
OpenLeverage,OLE,1.89E+08,16079999,1.61,2026-03-06 23:25:00 UTC
Mode,MODE,2.50E+09,1.52E+08,1.52,2026-03-06 23:25:00 UTC
NAVI Protocol,NAVX,8.16E+08,20580000,2.06,2026-03-06 23:25:00 UTC
TaleX,X,1.50E+08,10000000,1,2026-03-06 23:25:00 UTC
Toko Token,TKO,1.70E+08,10000000,2,2026-03-06 23:25:00 UTC
Apex Fusion,AP3X,1.37E+09,86880000,2.9,2026-03-06 23:25:00 UTC
Edu3Labs,NFE,1.04E+08,27140000,3.02,2026-03-06 23:25:00 UTC
WiFi Map,WIFI,6.94E+08,12030000,1.2,2026-03-06 23:25:00 UTC
Saga,SAGA,3.56E+08,11590000,1.06,2026-03-06 23:25:00 UTC
Myria,MYRIA,4.69E+10,7.49E+08,1.5,2026-03-06 23:25:00 UTC
Jito,JTO,4.42E+08,11310000,1.15,2026-03-06 23:25:00 UTC
Self Chain,SLF,1.67E+08,3560000,1.06,2026-03-07 23:25:00 UTC
Crypto Unicorns,CU,47300000,1000000,1,2026-03-07 23:25:00 UTC
Port3 Network,PORT3,6.93E+08,15290000,1.53,2026-03-07 23:25:00 UTC
Trossard,TROSS,6.33E+08,1.00E+08,2,2026-03-07 23:25:00 UTC
Sidekick,K,2.29E+08,17510000,1.75,2026-03-07 23:25:00 UTC
Scallop,SCA,1.48E+08,3940000,1.58,2026-03-07 23:25:00 UTC
Zetarium,ZET,15000000,15950000,15.95,2026-03-07 23:25:00 UTC
Planet Mojo,MOJO,36520000,26180000,2.62,2026-03-07 23:25:00 UTC
Unibit,UIBT,1.00E+09,13120000,1.31,2026-03-07 23:25:00 UTC
MNet,NUUM,1.32E+08,31190000,3.12,2026-03-07 23:25:00 UTC
BiFinanceToken,BFT,16710000,22990000,2.3,2026-03-08 07:25:00 UTC
Seraph,SERAPH,3.19E+08,18770000,1.88,2026-03-08 11:25:00 UTC
Cat Gold Miner,CATGOLD,2.40E+09,3.81E+08,3.81,2026-03-08 23:25:00 UTC
Ta-da,TADA,6.99E+08,17040000,1.7,2026-03-08 23:25:00 UTC
GAM3S.GG,G3,6.63E+08,18420000,1.84,2026-03-08 23:25:00 UTC
Launchblock.com,LBP,3.51E+09,2.50E+08,2.5,2026-03-08 23:25:00 UTC
Movement,MOVE,3.34E+09,1.62E+08,1.62,2026-03-08 23:25:00 UTC
Pepe Unchained (New),PEPU,1.06E+10,1.64E+08,1.03,2026-03-08 23:25:00 UTC
Redacted,RDAC,2.22E+08,26120000,2.61,2026-03-09 16:06:00 UTC
Velvet,VELVET,2.41E+08,18360000,1.84,2026-03-09 23:25:00 UTC
Web3Games.com,WGT,3.25E+08,18740000,1.87,2026-03-09 23:25:00 UTC
BloodLoop,BLS,52410000,9300000,2.66,2026-03-09 23:25:00 UTC
HistoryDAO,HAO,30000000,16920000,1.69,2026-03-09 23:25:00 UTC
Stella,ALPHA,9.61E+08,13000000,1.3,2026-03-09 23:25:00 UTC
Ordify,ORFY,5900000,1080000,1.08,2026-03-09 23:25:00 UTC
PlayDapp,PDA,6.42E+08,7140000,1.02,2026-03-09 23:25:00 UTC
Mind Network,FHE,3.98E+08,10000000,1,2026-03-09 23:25:00 UTC
Allora,ALLO,2.01E+08,13200000,1.32,2026-03-09 23:26:00 UTC
CARV,CARV,5.19E+08,16110000,1.61,2026-03-10 07:25:00 UTC
Powerloom,POWER,3.42E+08,19600000,1.96,2026-03-10 08:25:00 UTC
Rain,RAIN,4.78E+11,3.96E+10,3.44,2026-03-10 11:25:00 UTC
Linea,LINEA,1.55E+10,1.44E+09,2,2026-03-10 14:55:00 UTC
LitLab Games,LITT,2.92E+08,22340000,1,2026-03-10 23:25:00 UTC
Gods Unchained,GODS,4.18E+08,6280000,1.26,2026-03-10 23:25:00 UTC
Magic Square,SQR,4.38E+08,29050000,2.9,2026-03-10 23:25:00 UTC
ArbiPad,ARBI,1.08E+09,1.17E+08,1.17,2026-03-10 23:25:00 UTC
Raft,RAFT,2.50E+08,45070000,1.8,2026-03-10 23:25:00 UTC
Fautor,FTR,9.08E+08,76110000,3.04,2026-03-10 23:25:00 UTC
Ordibank,ORBK,2.51E+08,18870000,1.89,2026-03-10 23:25:00 UTC
IVPAY,IVPAY,9.23E+08,14890000,1.49,2026-03-10 23:25:00 UTC
Holoworld AI,HOLO,4.79E+08,32770000,1.6,2026-03-10 23:25:00 UTC
Reality Metaverse,RMV,2.50E+08,18790000,1.88,2026-03-10 23:25:00 UTC
AI Nexus,A1X,6.15E+08,10940000,1.09,2026-03-10 23:25:00 UTC
Duet Protocol,DUET,10900000,26120000,6.22,2026-03-10 23:25:00 UTC
SatLayer,SLAY,5.67E+08,21000000,1,2026-03-11 09:25:00 UTC
Dappad,APPA,2.32E+08,14020000,1.61,2026-03-11 23:25:00 UTC
Mar3 AI,3-Mar,2.29E+08,37200000,1.86,2026-03-11 23:25:00 UTC
TRIO (OrdinalsBot),TRIO,2790000,410410,1.95,2026-03-11 23:25:00 UTC
Karate Combat,KARATE,6.66E+10,3.39E+09,3.08,2026-03-11 23:25:00 UTC
World3,WAI,3.07E+08,24720000,2.47,2026-03-11 23:25:00 UTC
StarHeroes,STAR,2.53E+08,8070000,1.15,2026-03-11 23:25:00 UTC
Rubic,RBC,1.65E+08,19280000,1.93,2026-03-11 23:25:00 UTC
Space Nation Oikos,OIK,3.47E+08,32580000,3.26,2026-03-11 23:25:00 UTC
AtPay,ATPAY,30000000,4059999,1.35,2026-03-11 23:25:00 UTC
Virtual Versions,VV,3.71E+08,14400000,1.44,2026-03-11 23:25:00 UTC
Vendetta,VDT,34500000,1380000,1.38,2026-03-11 23:25:00 UTC
Unibase,UB,2.50E+09,3.13E+08,3.13,2026-03-11 23:25:00 UTC
HyperGPT,HGPT,8.46E+08,13920000,1.39,2026-03-12 09:25:00 UTC
Checkmate,CHECK,3.11E+08,19440000,1.94,2026-03-12 23:25:00 UTC
DappRadar,RADAR,9.60E+08,1.08E+08,1.08,2026-03-12 23:25:00 UTC
Games for a Living,GFAL,3.85E+09,1.06E+08,1.06,2026-03-12 23:25:00 UTC
MyShell,SHELL,3.28E+08,16219999,1.62,2026-03-12 23:25:00 UTC
ISME Protocol,ISME,55000000,60000000,6,2026-03-12 23:25:00 UTC
Chappyz,CHAPZ,2.37E+09,1.48E+08,1.48,2026-03-12 23:25:00 UTC
FrontFanz,FANX,97690000,14790000,1.48,2026-03-12 23:25:00 UTC
Blast Royale,NOOB,5.12E+08,16940000,3.31,2026-03-13 11:25:00 UTC
Chainbase,C,3.18E+08,11450000,1.14,2026-03-13 23:25:00 UTC
Bubble,BUBBLE,3.73E+09,2.96E+08,2.96,2026-03-13 23:25:00 UTC
Cherry AI,AIBOT,2.22E+08,19900000,1.99,2026-03-13 23:25:00 UTC
Kryptonite,SEILOR,2.20E+08,10610000,1.06,2026-03-13 23:25:00 UTC
Privasea AI,PRAI,2.90E+08,14710000,1.47,2026-03-13 23:25:00 UTC
Pump.fun,PUMP,3.54E+11,1.00E+10,1,2026-03-13 23:25:00 UTC
RepubliK,RPK,9.66E+08,39420000,1.31,2026-03-13 23:25:00 UTC
Pieverse,PIEVERSE,1.92E+08,10000000,1,2026-03-13 23:25:00 UTC
Play Solana,PLAY,1.13E+09,56890000,1.14,2026-03-14 11:25:00 UTC
Puffer,PUFFER,3.93E+08,22770000,2.28,2026-03-14 11:25:00 UTC
Starknet,STRK,5.44E+09,1.63E+08,1.63,2026-03-14 23:25:00 UTC
Trusta.AI,TA,2.55E+08,18980000,1.9,2026-03-14 23:25:00 UTC
Turbos Finance,TURBOS,6.62E+09,1.06E+08,1.06,2026-03-14 23:25:00 UTC
Acala Token,ACA,1.16E+09,25000000,1.56,2026-03-14 23:25:00 UTC
Sei,SEI,6.73E+09,1.21E+08,1.21,2026-03-14 23:25:00 UTC
Humanode,HMND,1.90E+08,5340000,1.34,2026-03-14 23:25:00 UTC
Massa,MAS,4.04E+08,13810000,1.25,2026-03-14 23:25:00 UTC
Staika,STIK,1.38E+08,2750000,1.1,2026-03-14 23:25:00 UTC
OpenEden,EDEN,1.84E+08,42050000,4.21,2026-03-14 23:25:00 UTC
PoP Planet,P,1.40E+08,14050000,1.41,2026-03-14 23:25:00 UTC
Arcade,ARC,35210000,15250000,1.91,2026-03-14 23:25:00 UTC
Katana Network,KAT,2.21E+09,2.04E+08,2.04,2026-03-14 23:25:00 UTC
SentismAI,SENTIS,2.06E+08,10890000,1.09,2026-03-14 23:25:00 UTC
Superpower Squad,SQUAD,1.25E+08,15290000,1.53,2026-03-14 23:25:00 UTC
WhiteBridge Network,WBAI,2.17E+08,27750000,2.78,2026-03-15 10:25:00 UTC
Alltoscan,ATS,1.00E+08,1040000,1.04,2026-03-15 11:25:00 UTC
Drift,DRIFT,5.53E+08,13160000,1.32,2026-03-15 23:25:00 UTC
Solayer,LAYER,3.39E+08,12530000,1.25,2026-03-15 23:25:00 UTC
Verida,VDA,2.77E+08,21430000,2.14,2026-03-15 23:25:00 UTC
ZTX,ZTX,7.49E+09,2.07E+08,2.07,2026-03-15 23:25:00 UTC
Vana,VANA,30080000,1240000,1.03,2026-03-15 23:25:00 UTC
Zebec Network,ZBCN,9.90E+10,1.04E+09,1.04,2026-03-15 23:25:00 UTC
Sharky,SHARK,28810000,1030000,1.03,2026-03-15 23:25:00 UTC
GoPlus Security,GPS,4.31E+09,1.66E+08,1.66,2026-03-16 06:25:00 UTC
Hyperion,RION,19000000,1350000,1.35,2026-03-16 09:25:00 UTC
Parcl,PRCL,4.12E+08,14200000,1.42,2026-03-16 11:25:00 UTC
Project Merlin,MRLN,1.11E+08,24090000,3.01,2026-03-16 12:25:00 UTC
Magma Finance,MAGMA,1.90E+08,10630000,1.06,2026-03-16 17:35:00 UTC
Star AI,MSTAR,6.03E+08,22980000,2.3,2026-03-16 23:25:00 UTC
ApeCoin,APE,7.53E+08,14640000,1.46,2026-03-16 23:25:00 UTC
Cronos,CRO,4.11E+10,1.17E+09,1.17,2026-03-16 23:25:00 UTC
Monsta Infinite,MONI,2.21E+08,3850000,1.43,2026-03-16 23:25:00 UTC
Sixpack Miner,SIXP,57530000,2860000,1.19,2026-03-17 01:07:00 UTC
Solv Protocol,SOLV,1.48E+09,1.87E+08,1.93,2026-03-17 08:25:00 UTC
SubHub,SUBHUB,94000000,28860000,2.89,2026-03-17 15:14:00 UTC
Fusionist,ACE,89980000,2860000,1.94,2026-03-17 23:25:00 UTC
Giants Protocol,G,2.89E+10,2.89E+09,3.28,2026-03-17 23:25:00 UTC
Manta Network,MANTA,4.65E+08,15680000,1.57,2026-03-17 23:25:00 UTC
Genopets,GENE,89830000,1180000,1.18,2026-03-17 23:25:00 UTC
Lombard,BARD,2.25E+08,11350000,1.14,2026-03-17 23:25:00 UTC
AGG,AGG,3.82E+08,2.08E+08,2.08,2026-03-17 23:25:00 UTC
Sabai Protocol,SABAI,5.47E+08,32570000,1.23,2026-03-17 23:24:00 UTC
DAOBase,BEE,1.73E+08,15710000,1.57,2026-03-17 23:24:00 UTC
DeAgentAI,AIA,1.47E+08,15660000,1.57,2026-03-18 07:24:00 UTC
RICE AI,RICE,2.12E+08,10030000,1,2026-03-18 11:24:00 UTC
Mavryk Network,$MVRK,2.26E+08,30760000,3.05,2026-03-18 12:24:00 UTC
PlayZap,PZP,85840000,2150000,1.43,2026-03-18 23:24:00 UTC
KARRAT,KARRAT,7.96E+08,16000000,1.6,2026-03-18 23:24:00 UTC
Rebase GG,IRL,49630000,9480000,1.9,2026-03-18 23:24:00 UTC
Saros,SAROS,2.09E+09,2.20E+08,2.2,2026-03-18 23:24:00 UTC
Pixels,PIXEL,3.19E+09,89370000,1.79,2026-03-18 23:24:00 UTC
Grow Token,GROW,10000000,1330000,1.33,2026-03-18 23:24:00 UTC
Azuro Protocol,AZUR,2.01E+08,26510000,2.65,2026-03-18 23:24:00 UTC
Polyhedra Network,ZKJ,5.80E+08,27940000,2.79,2026-03-18 23:24:00 UTC
Sheertopia,AMBO,1200000,707860,1.69,2026-03-18 23:24:00 UTC
Dill,DL,1.18E+09,2.85E+08,4.75,2026-03-18 23:24:00 UTC
JoJoWorld,JOJO,1.12E+08,8970000,1.12,2026-03-18 23:24:00 UTC
Dinowars,DINW,2069999,986930,1.97,2026-03-18 23:24:00 UTC
Levana Protocol,LVN,8.03E+08,44550000,4.45,2026-03-18 23:24:00 UTC
PrompTale AI,TALE,1.01E+08,10770000,2.15,2026-03-18 23:24:00 UTC
Merlin Chain,MERL,1.16E+09,36140000,1.72,2026-03-18 23:24:00 UTC
AgentLISA,LISA,2.16E+08,29110000,2.91,2026-03-19 17:24:00 UTC
REVOLAND TOKEN,REVO,1.20E+08,1320000,1.1,2026-03-19 23:24:00 UTC
Mignal,MGL,1.00E+09,33930000,3.39,2026-03-19 23:24:00 UTC
Aventis Metaverse,AVTM,7.44E+08,16790000,1.68,2026-03-19 23:24:00 UTC
LayerZero,ZRO,3.03E+08,32610000,3.26,2026-03-19 23:24:00 UTC
School Hack Coin,SHC,2.26E+08,6820000,1.36,2026-03-19 23:24:00 UTC
Octavia AI,VIA,8750000,1020000,1.02,2026-03-19 23:24:00 UTC
KAITO,KAITO,2.41E+08,18100000,1.81,2026-03-19 23:24:00 UTC
Lista DAO,LISTA,2.84E+08,35600000,3.56,2026-03-19 23:24:00 UTC
o-mee,OME,83870000,16000000,2,2026-03-19 23:24:00 UTC
DecentralGPT,DGC,1.57E+11,1.20E+10,1.2,2026-03-19 23:24:00 UTC
Sturdy,STRDY,19120000,1030000,1.03,2026-03-19 23:24:00 UTC
bitsCrunch,BCUT,6.04E+08,15700000,1.57,2026-03-19 23:24:00 UTC
Yooldo,ESPORTS,2.72E+08,37730000,4.19,2026-03-20 08:24:00 UTC
Catizen,CATI,3.98E+08,26460000,2.65,2026-03-20 09:24:00 UTC
Fundtir,FNTR,5550000,10940000,1.36,2026-03-20 23:24:00 UTC
Plume,PLUME,5.12E+09,2.12E+08,2.12,2026-03-20 23:24:00 UTC
Sekuya Multiverse,SKYA,4.03E+08,25250000,2.53,2026-03-20 23:24:00 UTC
Forgotten Playland,FP,5.50E+08,1.04E+08,1.04,2026-03-20 23:24:00 UTC
AriaAI,ARIA,2.97E+08,16059999,1.61,2026-03-20 23:24:00 UTC
Xertra,STRAX,2.06E+09,75000000,3.42,2026-03-20 23:24:00 UTC
Alliance Games,COA,4.15E+08,24710000,1.24,2026-03-20 23:24:00 UTC
Vertex Protocol,VRTX,5.28E+08,9960000,1,2026-03-20 23:24:00 UTC
Mamo,MAMO,5.83E+08,27450000,2.75,2026-03-21 06:24:00 UTC
Masters of Trivia,MOT,2720000,15000000,3,2026-03-21 09:18:00 UTC
DeLorean,DMC,5.73E+09,3.87E+08,3.02,2026-03-21 10:24:00 UTC
Balance,EPT,3.74E+09,1.68E+08,1.68,2026-03-21 11:24:00 UTC
MineD,DIGI,2.51E+10,2.98E+09,2.98,2026-03-21 23:24:00 UTC
Fjord Foundry,FJO,32000000,1560000,1.56,2026-03-21 23:24:00 UTC
Scroll,SCR,1.90E+08,11110000,1.11,2026-03-21 23:24:00 UTC
Amazy,AZY,40920000,11380000,1.14,2026-03-21 23:24:00 UTC
Sociapol,SPOL,3.63E+09,2.16E+09,2.16,2026-03-21 23:24:00 UTC
World of Legends,WOL,0,3050000,3.05,2026-03-21 23:24:00 UTC
MultiBank Group,MBG,1.91E+08,28310000,2.83,2026-03-21 23:24:00 UTC
SPACE ID,ID,1.30E+09,72650000,3.63,2026-03-21 23:24:00 UTC
Haven1,H1,1.97E+08,51490000,2.57,2026-03-21 23:24:00 UTC
River,RIVER,19600000,2049999,2.05,2026-03-22 12:24:00 UTC
SubQuery Network,SQT,3.62E+09,1.82E+08,1.78,2026-03-22 23:24:00 UTC
Y8U,Y8U,24550000,23650000,2.35,2026-03-22 23:24:00 UTC
Digiverse,DIGI,2490000,1780000,1.78,2026-03-22 23:24:00 UTC
Animecoin,ANIME,5.53E+09,1.30E+08,1.3,2026-03-22 23:24:00 UTC
Godcoin,GOD,1.82E+08,24050000,3.09,2026-03-22 23:24:00 UTC
Cros,CROS,1.00E+09,25750000,2.57,2026-03-22 23:24:00 UTC
BRC-20 DEX,BD20,5.35E+08,18880000,1.89,2026-03-22 23:24:00 UTC
Devomon,EVO,9.31E+08,44000000,1.1,2026-03-22 23:24:00 UTC
Kyuzo's Friends,KO,2.18E+08,14500000,1.45,2026-03-22 23:24:00 UTC
Bless,BLESS,1.84E+09,1.93E+08,1.93,2026-03-22 23:24:00 UTC
Playbux,PBUX,3.94E+08,7850000,1.96,2026-03-22 23:24:00 UTC
THEROS,THEROS,1.21E+08,4660000,2.22,2026-03-23 04:24:00 UTC
Puffpaw,VAPE,1.40E+08,52340000,5.23,2026-03-23 11:24:00 UTC
Avail,AVAIL,3.71E+09,2.28E+08,2.11,2026-03-23 11:24:00 UTC
Exverse,EXVG,32159999,9760000,2.44,2026-03-23 23:24:00 UTC
LightLink,LL,81670000,25540000,2.55,2026-03-23 23:24:00 UTC
PLEXUS,PLX,1.98E+08,8870000,1.77,2026-03-23 23:24:00 UTC
Spacecoin,SPACE,2.15E+09,9.38E+08,4.47,2026-03-23 23:24:00 UTC
Token IN,TIN,20770000,1200000,1.2,2026-03-23 23:24:00 UTC
Pop Social,PPT,85630000,5300000,2.65,2026-03-23 23:24:00 UTC
The Moon Metaverse,2MOON,6.35E+10,3.12E+09,3.12,2026-03-23 23:24:00 UTC
Orochi Network,ON,1.44E+08,13120000,1.31,2026-03-24 09:24:00 UTC
Nillion,NIL,3.14E+08,1.14E+08,11.45,2026-03-24 12:24:00 UTC
Letit,LETIT,63990000,1800000,1.8,2026-03-24 23:24:00 UTC
WalletConnect Token,WCT,3.51E+08,16510000,1.65,2026-03-24 23:24:00 UTC
Altlayer,ALT,5.68E+09,1.95E+08,1.95,2026-03-24 23:24:00 UTC
Particle Network,PARTI,4.50E+08,89300000,8.93,2026-03-24 23:24:00 UTC
TEMMARKET,TEM,1.78E+09,1.55E+08,3.1,2026-03-24 23:24:00 UTC
Hibiki Run,HUT,1.34E+08,37420000,1.87,2026-03-24 23:24:00 UTC
Pintu Token,PTU,23360000,3820000,1.27,2026-03-24 23:24:00 UTC
Volaris Games,VOLS,3.59E+08,31670000,3.17,2026-03-25 01:24:00 UTC
Humanity Protocol,H,2.51E+09,1.05E+08,1.05,2026-03-25 08:24:00 UTC
OVERTAKE,TAKE,2.27E+08,22040000,2.2,2026-03-25 09:24:00 UTC
Dechat,DECHAT,4890000,,1.35,2026-03-25 23:24:00 UTC
TRALA,TRALA,38520000,13340000,1.33,2026-03-25 23:24:00 UTC
Juice Finance,JUICE,1.72E+08,23170000,2.32,2026-03-25 23:24:00 UTC
LinqAI,LNQ,3.56E+08,13930000,1.39,2026-03-25 23:24:00 UTC
OrangeDX,O4DX,76500000,1580000,1.58,2026-03-25 23:24:00 UTC
Sahara AI,SAHARA,2.90E+09,1.00E+08,1,2026-03-25 23:24:00 UTC
XOCIETY,XO,7.50E+08,1.55E+08,3.1,2026-03-26 10:16:00 UTC
Mira,MIRA,2.45E+08,23600000,2.36,2026-03-26 11:24:00 UTC
SnapX,XNAP,2.87E+08,18480000,1.48,2026-03-26 12:42:00 UTC
Sharpe AI,SAI,1.12E+08,22970000,2.3,2026-03-26 23:24:00 UTC
NFPrompt,NFP,5.08E+08,14510000,1.45,2026-03-26 23:24:00 UTC
Metahorse Unity,MUNITY,1.45E+08,6600000,1.32,2026-03-26 23:24:00 UTC
TOPGOAL,GOAL,5.44E+08,11590000,1.16,2026-03-26 23:24:00 UTC
Sable Finance,SABLE,5170000,1600000,1.6,2026-03-26 23:24:00 UTC
Bowled.io,BWLD,42120000,8330000,1.67,2026-03-26 23:24:00 UTC
Axelar,AXL,1.12E+09,13510000,1.1,2026-03-26 23:24:00 UTC
Grafeté,GRFT,3.67E+08,19200000,1.92,2026-03-26 23:24:00 UTC
Bitlayer,BTR,3.45E+08,19220000,1.92,2026-03-27 09:24:00 UTC
Puffverse,PFVS,1.17E+08,18120000,1.81,2026-03-27 11:24:00 UTC
SUPERFORTUNE,GUA,1.25E+08,22110000,2.21,2026-03-27 15:24:00 UTC
Open Campus,EDU,8.31E+08,21020000,2.1,2026-03-27 23:24:00 UTC
BlueSale Finance,BLS,1550000,1.72E+14,1.72,2026-03-27 23:24:00 UTC
Renzo,REZ,6.75E+09,4.24E+08,4.24,2026-03-27 23:24:00 UTC
beoble,BBL,9.79E+08,10790000,1.08,2026-03-27 23:24:00 UTC
FLock.io,FLOCK,3.10E+08,23340000,2.33,2026-03-27 23:24:00 UTC
Altitude,ALTD,1600000,1300000,1.3,2026-03-27 23:24:00 UTC
Army of Fortune Gem,AFG,4.59E+08,18300000,1.83,2026-03-27 23:24:00 UTC
Lnfi Network,LN,1.05E+08,14010000,1.4,2026-03-27 23:24:00 UTC
Treehouse,TREE,1.56E+08,15660000,1.57,2026-03-27 23:24:00 UTC
WLTH,WLTH,9.10E+08,14550000,1.46,2026-03-27 23:24:00 UTC
LandRocker,LRT,4.07E+09,2.29E+08,2.29,2026-03-27 23:24:00 UTC
UpRock,UPT,1.61E+08,33520000,3.35,2026-03-27 23:24:00 UTC
Corite,CO,1.22E+08,24890000,2.49,2026-03-27 23:24:00 UTC
VTRADING,VT,2.10E+08,13330000,1.33,2026-03-27 23:24:00 UTC
Banksters Token,BARS,3.00E+08,5250000,1.75,2026-03-27 23:24:00 UTC
Bware,INFRA,4130000,1530000,1.53,2026-03-27 23:24:00 UTC
Portal,PORTAL,7.56E+08,18240000,1.82,2026-03-27 23:24:00 UTC
QnA3.AI,GPT,8.32E+08,17190000,1.72,2026-03-27 23:24:00 UTC
Legends of Elysium,LOE,13760000,1990000,1,2026-03-27 23:24:00 UTC
Undeads Games,UDS,99260000,3180000,1.27,2026-03-27 23:24:00 UTC
Talken,TALK,3.77E+08,10240000,2.05,2026-03-27 23:24:00 UTC
Defi App,HOME,3.44E+09,1.33E+08,1.33,2026-03-27 23:24:00 UTC
Castle of Blackwater,COBE,7800000,2740000,2.74,2026-03-27 23:24:00 UTC
Trinity Of The Fabled,ABYS,6.00E+08,11970000,1.99,2026-03-27 23:24:00 UTC
Reddio,RDO,2.61E+09,1.94E+08,1.94,2026-03-27 23:24:00 UTC
Piggycell,PIGGY,57940000,1700000,1.69,2026-03-27 23:24:00 UTC
Marina Protocol,BAY,2.00E+08,14080000,1.41,2026-03-27 23:24:00 UTC
MIA,MIA,1.16E+08,48330000,4.83,2026-03-28 23:24:00 UTC
Paxi Network,PAXI,48440000,5000000,6.64,2026-03-28 23:24:00 UTC
Big Time,BIGTIME,2.08E+09,6.00E+08,12,2026-03-29 23:24:00 UTC
Luxxcoin,LUX,2.28E+09,1.44E+09,1.44,2026-03-30 08:24:00 UTC
Orta Chain,ORTA,28750000,10000000,10,2026-03-31 12:24:00 UTC
Drep [new],DREP,1.00E+08,1710000,1.71,2026-03-31 23:24:00 UTC
LF,LF,2.98E+09,2.50E+08,2.5,2026-03-31 23:24:00 UTC
Bitcoin Limited Edition,BTCLE,15570,2.80E+12,1.33,2026-03-31 23:24:00 UTC
Fragmetric,FRAG,1.83E+08,20630000,2.06,2026-04-01 06:54:00 UTC
Openverse Network,BTG,1900000,2.00E+14,1,2026-04-01 23:24:00 UTC
Fractal Network,FRA,1.14E+10,1.34E+09,6.36,2026-04-04 23:24:00 UTC
Xterio,XTER,1.60E+08,44530000,4.45,2026-04-07 23:24:00 UTC
DEAPcoin,DEP,2.99E+10,1.44E+09,4.8,2026-04-07 23:24:00 UTC
Wonderman Nation,WNDR,14210000,18600000,3.72,2026-04-08 23:24:00 UTC
GameGPT,DUEL,8.39E+09,3.41E+08,3.43,2026-04-11 23:24:00 UTC
MOBOX,MBOX,5.00E+08,50000000,9.09,2026-04-11 23:24:00 UTC
KonnektVPN,KPN,32140000,27000000,9,2026-04-14 23:24:00 UTC
KULA,KULA,3.70E+08,1.99E+09,19.93,2026-04-14 23:24:00 UTC
Sign,SIGN,1.64E+09,4.01E+08,4.01,2026-04-15 09:24:00 UTC
deBridge,DBR,1.92E+09,6.42E+08,6.42,2026-04-16 23:24:00 UTC
Lumia,LUMIA,1.41E+08,6410000,2.68,2026-04-17 23:24:00 UTC
Orion,ORN,34140000,6410000,4.38,2026-04-18 03:24:00 UTC
MWX Token,MWXT,1.50E+08,17920000,1.79,2026-04-24 05:24:00 UTC
AVA (Travala),AVA,72160000,1110000,1.11,2026-04-30 23:24:00 UTC
Open Loot,OL,7.82E+08,1.50E+08,3,2026-04-30 23:24:00 UTC
Kite,KITE,1.80E+09,3.73E+08,3.73,2026-04-30 23:24:00 UTC
Dohrnii,DHN,17070000,9860000,2.65,2026-05-03 23:24:00 UTC
Heroes of Mavia,MAVIA,2.45E+08,10770000,4.19,2026-05-05 23:24:00 UTC
Automata Network,ATA,9.47E+08,25230000,2.52,2026-05-06 23:24:00 UTC
Finblox,FBX,2.00E+09,3.10E+08,3.1,2026-05-14 23:24:00 UTC
PublicAI,PUBLIC,2.09E+08,30290000,3.03,2026-05-15 12:24:00 UTC
UCBI Banking,UCBI,5880000,1290000,10.72,2026-05-15 23:24:00 UTC
Reppo,REPPO,2.98E+08,36930000,3.69,2026-05-19 23:24:00 UTC
Epiko,EPIKO,1.75E+08,52500000,17.5,2026-05-19 23:24:00 UTC
Pyth Network,PYTH,5.74E+09,2.13E+09,21.25,2026-05-19 23:24:00 UTC
Huma Finance,HUMA,2.89E+09,5.32E+08,5.32,2026-05-24 23:24:00 UTC
EPIK Prime,EPIK,1.28E+09,35380000,1.77,2026-05-26 23:24:00 UTC
TokenBot,TBOT,5.89E+08,1.08E+08,10.76,2026-05-30 23:24:00 UTC
DIA,DIA,1.20E+08,7690000,3.84,2026-05-31 23:24:00 UTC
IMVU,VCORE,2.26E+08,1.80E+08,2.25,2026-06-19 23:24:00 UTC
NKN,NKN,7.98E+08,12120000,1.21,2026-06-29 23:24:00 UTC
Pepper,PEPPER,1.00E+09,1.20E+08,12,2026-07-01 04:24:00 UTC
Succinct,PROVE,1.95E+08,3.13E+08,31.25,2026-08-05 09:24:00 UTC
Liquid Mercury,MERC,2.14E+09,1.00E+09,16.67,2026-08-13 23:24:00 UTC
Wombat Exchange,WOM,58520000,40000000,4,2026-08-27 23:24:00 UTC
Crosswalk,CSW,8.88E+09,1.11E+08,1.25,2026-09-05 23:24:00 UTC
SmarDex,SDEX,9.26E+09,2.34E+08,2.34,2026-09-07 23:24:00 UTC
Fogo,FOGO,3.78E+09,1.57E+09,15.76,2026-09-25 23:24:00 UTC
Lumerin,LMR,6.07E+08,25000000,2.5,2026-09-27 23:24:00 UTC
DoubleZero,2Z,3.47E+09,1.78E+09,17.79,2026-10-02 12:24:00 UTC
UNICE,UNICE,2.72E+08,1.13E+08,11.33,2026-10-07 23:24:00 UTC
xMoney,UTK,7.04E+08,21600000,2.16,2026-10-20 23:24:00 UTC
JETMAX,JET,7740000,3.28E+08,32.83,2026-10-22 05:46:00 UTC
E2P Token,E2P,6.00E+09,6.00E+09,60,2026-10-28 07:24:00 UTC
Viction,VIC,1.25E+08,20000000,9.52,2026-10-28 23:24:00 UTC
Janction,JCT,1.15E+10,1.29E+09,2.57,2026-11-09 23:24:00 UTC
FC Porto Fan Token,PORTO,12980000,3830000,9.58,2026-11-14 23:24:00 UTC
Monad,MON,1.08E+10,1.05E+09,1.05,2026-11-24 09:24:00 UTC
Jackson,JACKSON,3.29E+09,2.23E+09,22.33,2026-11-30 23:24:00 UTC
Portuma,POR,3.78E+09,2.00E+09,20,2026-12-30 14:24:00 UTC
GOHOME,GOHOME,499890,250000,2.5,2026-12-30 23:24:00 UTC
SMART,SMART,6.72E+09,2.08E+11,24.8,2026-12-31 23:24:00 UTC
Ondo,ONDO,4.86E+09,1.71E+09,17.1,2027-01-17 23:24:00 UTC
IDNGold,IDNG,40000000,60000000,60,2027-01-27 23:24:00 UTC
Enzyme,MLN,2970000,3.00E+11,2.7,2027-02-14 23:24:00 UTC
uTrade,UTT,5000000,22500000,45,2027-08-31 23:24:00 UTC
WOO,WOO,1.88E+09,3.00E+08,13.52,2032-10-30 23:24:00 UTC
Ultima,ULTIMA,37400,20860,20.86,2033-08-31 23:24:00 UTC
iExec RLC,RLC,86990000,6000000,6.9,2035-04-01 12:24:00 UTC
iExec RLC,RLC,86990000,6000000,6.9,2035-04-01 12:24:00 UTC
Ethena,ENA,5000000000,171870000,3.44,2026-04-05 00:00:00 UTC
Ethena,ENA,5000000000,171870000,3.44,2026-05-05 00:00:00 UTC
Ethena,ENA,5000000000,171870000,3.44,2026-06-05 00:00:00 UTC
Ethena,ENA,5000000000,171870000,3.44,2026-07-05 00:00:00 UTC
Ethena,ENA,5000000000,171870000,3.44,2026-08-05 00:00:00 UTC
Ethena,ENA,5000000000,171870000,3.44,2026-09-05 00:00:00 UTC
Ethena,ENA,5000000000,171870000,3.44,2026-10-05 00:00:00 UTC
Ethena,ENA,5000000000,171870000,3.44,2026-11-05 00:00:00 UTC
Ethena,ENA,5000000000,171870000,3.44,2026-12-05 00:00:00 UTC
Ethena,ENA,5000000000,171870000,3.44,2027-01-05 00:00:00 UTC
Sei,SEI,6730000000,121000000,1.8,2026-04-14 23:25:00 UTC
Sei,SEI,6730000000,121000000,1.8,2026-05-14 23:25:00 UTC
Sei,SEI,6730000000,121000000,1.8,2026-06-14 23:25:00 UTC
Sei,SEI,6730000000,121000000,1.8,2026-07-14 23:25:00 UTC
Sei,SEI,6730000000,121000000,1.8,2026-08-14 23:25:00 UTC
Sei,SEI,6730000000,121000000,1.8,2026-09-14 23:25:00 UTC
Sei,SEI,6730000000,121000000,1.8,2026-10-14 23:25:00 UTC
Sei,SEI,6730000000,121000000,1.8,2026-11-14 23:25:00 UTC
Sei,SEI,6730000000,121000000,1.8,2026-12-14 23:25:00 UTC
Starknet,STRK,5440000000,163000000,3,2026-04-14 23:25:00 UTC
Starknet,STRK,5440000000,163000000,3,2026-05-14 23:25:00 UTC
Starknet,STRK,5440000000,163000000,3,2026-06-14 23:25:00 UTC
Starknet,STRK,5440000000,163000000,3,2026-07-14 23:25:00 UTC
Starknet,STRK,5440000000,163000000,3,2026-08-14 23:25:00 UTC
Starknet,STRK,5440000000,163000000,3,2026-09-14 23:25:00 UTC
Starknet,STRK,5440000000,163000000,3,2026-10-14 23:25:00 UTC
Starknet,STRK,5440000000,163000000,3,2026-11-14 23:25:00 UTC
Starknet,STRK,5440000000,163000000,3,2026-12-14 23:25:00 UTC
Hyperliquid,HYPE,200000000,15000000,7.5,2026-03-01 23:25:00 UTC
Hyperliquid,HYPE,200000000,15000000,7.5,2026-04-01 23:25:00 UTC
Hyperliquid,HYPE,200000000,15000000,7.5,2026-05-01 23:25:00 UTC
Hyperliquid,HYPE,200000000,15000000,7.5,2026-06-01 23:25:00 UTC
Hyperliquid,HYPE,200000000,15000000,7.5,2026-07-01 23:25:00 UTC
Hyperliquid,HYPE,200000000,15000000,7.5,2026-08-01 23:25:00 UTC
Hyperliquid,HYPE,200000000,15000000,7.5,2026-09-01 23:25:00 UTC
Hyperliquid,HYPE,200000000,15000000,7.5,2026-10-01 23:25:00 UTC
Hyperliquid,HYPE,200000000,15000000,7.5,2026-11-01 23:25:00 UTC
Hyperliquid,HYPE,200000000,15000000,7.5,2026-12-01 23:25:00 UTC
Celestia,TIA,1000000000,50000000,5,2026-03-01 23:25:00 UTC
Celestia,TIA,1000000000,50000000,5,2026-04-01 23:25:00 UTC
Celestia,TIA,1000000000,50000000,5,2026-05-01 23:25:00 UTC
Celestia,TIA,1000000000,50000000,5,2026-06-01 23:25:00 UTC
Celestia,TIA,1000000000,50000000,5,2026-07-01 23:25:00 UTC
Celestia,TIA,1000000000,50000000,5,2026-08-01 23:25:00 UTC
Celestia,TIA,1000000000,50000000,5,2026-09-01 23:25:00 UTC
Celestia,TIA,1000000000,50000000,5,2026-10-01 23:25:00 UTC
Celestia,TIA,1000000000,50000000,5,2026-11-01 23:25:00 UTC
Celestia,TIA,1000000000,50000000,5,2026-12-01 23:25:00 UTC
Sui,SUI,10000000000,53400000,0.53,2026-04-01 00:00:00 UTC
Sui,SUI,10000000000,52020000,0.52,2026-05-01 00:00:00 UTC
Sui,SUI,10000000000,23770000,0.24,2026-06-01 00:00:00 UTC
Sui,SUI,10000000000,23130000,0.23,2026-07-01 00:00:00 UTC
Sui,SUI,10000000000,22190000,0.22,2026-08-01 00:00:00 UTC
Sui,SUI,10000000000,22000000,0.22,2026-09-01 00:00:00 UTC
Sui,SUI,10000000000,21730000,0.22,2026-10-01 00:00:00 UTC
Sui,SUI,10000000000,20770000,0.21,2026-11-01 00:00:00 UTC
Sui,SUI,10000000000,20590000,0.21,2026-12-01 00:00:00 UTC
Sui,SUI,10000000000,20460000,0.2,2027-01-01 00:00:00 UTC
Aptos,APT,0,11710000,0.01,1999-12-31 00:27:17 UTC
Cheel,CHEEL,0,2640000,0.01,1999-12-31 00:27:17 UTC
Ace,ACE,0,272990,0.02,1999-12-31 00:27:16 UTC
Nyan,NYAN,0,3900,0.01,1999-12-31 00:27:16 UTC
Puffer,PUFFER,0,557940,0.11,1999-12-31 00:27:16 UTC
Wbt,WBT,0,4520000000,0.28,1999-12-31 00:27:16 UTC
Htm,HTM,0,5790,0,2000-12-31 00:27:16 UTC
Xcn,XCN,0,1500000,0.01,2001-01-31 00:27:15 UTC
Wct,WCT,0,745290,0.04,2001-01-31 00:27:15 UTC
Conx,CONX,0,15380000,0.02,2001-01-31 00:27:15 UTC
Fort,FORT,0,706,,2001-01-31 00:27:15 UTC
Gswift,GSWIFT,0,4830,0.01,2001-01-31 00:27:14 UTC
Hook,HOOK,0,87510,0.01,2001-01-31 00:27:14 UTC
Starknet,STRK,0,5100000,0.04,2001-01-31 00:27:14 UTC
Cyber,CYBER,0,737670,0.01,2001-02-28 00:27:14 UTC
Cypr,CYPR,0,19460,0.02,2001-02-28 00:27:14 UTC
Sei,SEI,0,4770000,0.01,2001-02-28 00:27:12 UTC
Gal,GAL,0,273210,0,2001-02-28 00:27:12 UTC
Tribl,TRIBL,0,428,0.01,2001-02-28 00:27:12 UTC
Vrtx,VRTX,0,356,0,2001-02-28 00:27:12 UTC
Arbitrum,ARB,0,9600000,0.02,2001-03-31 00:27:12 UTC
Astr,ASTR,0,74380,0,2001-03-31 00:27:12 UTC
Flix,FLIX,0,30610,0.02,2001-03-31 00:27:12 UTC
Svl,SVL,0,197000,0,2001-03-31 00:27:12 UTC
Yala,YALA,0,7540,0.04,2001-03-31 00:27:12 UTC
Zk,ZK,0,3290000,0.03,2001-04-30 00:27:11 UTC
Solv,SOLV,0,835330,0.06,2001-04-30 00:27:11 UTC
Bmt,BMT,0,514900,0.02,2001-04-30 00:27:11 UTC
Cati,CATI,0,798650,0.04,2001-04-30 00:27:11 UTC
Iota,IOTA,0,781880,0,2001-04-30 00:27:11 UTC
Bard,BARD,0,34870000,0.11,2001-04-30 00:27:10 UTC
Navx,NAVX,0,26330,0,2001-04-30 00:27:09 UTC
Aero,AERO,0,1320000,,2001-05-31 00:27:09 UTC
Mmx,MMX,0,23150,0.01,2001-05-31 00:27:09 UTC
Zkj,ZKJ,0,710940,0.06,2001-05-31 00:27:09 UTC
Pyr,PYR,0,12340,0,2001-05-31 00:27:08 UTC
Yzy,YZY,0,6760000,0.05,2001-05-31 00:28:00 UTC
Pixel,PIXEL,0,,0.04,2001-06-30 00:27:08 UTC
Br,BR,0,,0.68,2001-06-30 00:27:08 UTC
Lista,LISTA,0,141320,0.06,2001-07-31 00:27:07 UTC
Zro,ZRO,0,,0.06,2001-07-31 00:27:07 UTC
W,W,0,183070,0.01,2001-07-31 00:57:07 UTC
Kaito,KAITO,0,,0.05,2001-07-31 00:27:07 UTC
Dmc,DMC,0,,0.07,2001-08-31 00:27:07 UTC
River,RIVER,0,18160000,0.02,2001-08-31 00:27:06 UTC
Id,ID,0,,0.05,2001-08-31 00:27:06 UTC
Mbg,MBG,0,,0.1,2001-09-30 00:27:06 UTC
Karrat,KARRAT,0,,0.05,2001-09-30 00:27:06 UTC
Xmw,XMW,0,2010,0.01,2001-09-30 00:27:05 UTC
Mura,MURA,0,,0.01,2001-09-30 00:27:05 UTC
Slf,SLF,0,,0.01,2001-09-30 00:27:05 UTC
Uds,UDS,0,,0.01,2001-09-30 00:27:05 UTC
Voxel,VOXEL,0,4770,0,2001-09-30 00:27:05 UTC
Avail,AVAIL,0,,0.05,2001-10-31 00:27:04 UTC
Soon,SOON,0,,0.05,2001-10-31 00:57:04 UTC
Anime,ANIME,0,,0.02,2001-10-31 00:27:04 UTC
Met,MET,0,,0.01,2001-10-31 00:27:04 UTC
Dolo,DOLO,0,,0.01,2001-10-31 00:27:04 UTC
Newt,NEWT,0,,0.02,2001-10-31 00:27:03 UTC
Soso,SOSO,0,,0.05,2001-11-30 00:27:03 UTC
Nil,NIL,0,,0.36,2001-11-30 00:27:03 UTC
Mon,MON,0,,0,2001-11-30 00:27:03 UTC
Aca,ACA,0,,0.01,2001-11-30 00:27:02 UTC
Gau,GAU,0,,0,2001-11-30 00:27:02 UTC
Gtai,GTAI,0,,0.01,2001-11-30 00:27:02 UTC
H,H,0,,0.04,2001-11-30 00:27:02 UTC
Wifi,WIFI,0,824,0.01,2001-11-30 00:27:02 UTC
Dep,DEP,0,,0.07,2031-12-31 00:26:42 UTC
Dbr,DBR,0,,0.13,2034-12-31 00:26:41 UTC
Hyper,HYPER,0,62250,0.94,2040-12-31 00:26:41 UTC
Lmts,LMTS,0,,0.65,2040-12-31 00:26:41 UTC
Apr,APR,0,,0.13,2040-12-31 00:26:41 UTC
Init,INIT,0,51530,0.45,2042-12-31 00:26:41 UTC
Sign,SIGN,0,,0.21,2046-12-31 00:26:40 UTC
Milk,MILK,0,1670,0.04,2046-12-31 00:26:40 UTC
Kub,KUB,0,3540,0.02,2048-12-31 00:26:40 UTC
Omni,OMNI,0,,0.23,1950-12-31 00:26:40 UTC
Mavia,MAVIA,0,,0.13,1953-12-31 00:26:39 UTC
Layer,LAYER,0,229330,0.07,1959-12-31 00:26:39 UTC
Avalanche,AVAX,0,6690000,0,1959-12-31 00:26:39 UTC
Oasis Network,ROSE,0,,0.01,1965-12-31 00:26:39 UTC
Pyth Network,PYTH,0,,0.37,1967-12-31 00:26:38 UTC
Huma,HUMA,0,,0.2,1974-12-31 00:26:38 UTC
Wet,WET,0,,1.12,1987-12-31 00:26:38 UTC
Home,HOME,0,707660,0.2,1988-12-31 00:26:38 UTC
Spk,SPK,0,704570,0.27,1996-12-31 00:31:38 UTC
Pump,PUMP,0,,0.19,0121-12-31 00:26:37 UTC
Es,ES,0,,0.94,0125-12-31 00:26:37 UTC
Lava,LAVA,0,70210,0.41,0138-12-31 00:26:37 UTC
Prove,PROVE,0,,1.04,0145-12-31 00:26:37 UTC
Fogo,FOGO,0,,0.04,0196-12-31 00:26:36 UTC
Stbl,STBL,0,2450000,0.04,0197-12-31 00:26:36 UTC
2z,2Z,0,,0.48,0203-12-31 00:26:36 UTC
Scr,SCR,0,108150,0.2,0222-12-31 00:26:36 UTC
Ondo,ONDO,0,,0.36,0311-12-31 00:26:36 UTC
Rnbw,RNBW,0,,0.39,0328-12-31 00:26:35 UTC
Xdc,XDC,0,,0.05,0328-12-31 00:26:35 UTC
Neon,NEON,0,,0.06,0511-12-31 00:26:35 UTC
